[
    {
        "id": 1,
        "name": "Neil Sims",
        "avatar": "neil-sims.png",
        "time": "17 April at 09.28 PM",
        "text": "Am no an listening depending up believing. Enough around remove to barton agreed regret in or it. Advantage mr estimable be commanded provision. Year well shot deny shew come now had. Shall downs stand marry taken his for out. Do related mr account brandon an up. Wrong for never ready ham these witty him. Our compass see age uncivil matters weather forbade her minutes. Ready how but truth son new under.",
        "read": false
    },
    {
        "id": 2,
        "name": "Bonnie Green",
        "avatar": "bonnie-green.png",
        "time": "16 April at 10.28 PM",
        "text": "For norland produce age wishing. To figure on it spring season up. Her provision acuteness had excellent two why intention. As called mr needed praise at. Assistance imprudence yet sentiments unpleasant expression met surrounded not. Be at talked ye though secure nearer.",
        "read": false
    },
    {
        "id": 3,
        "name": "Roberta Casas",
        "avatar": "roberta-casas.png",
        "time": "16 April at 14.28 AM",
        "text": "Silent sir say desire fat him letter. Whatever settling goodness too and honoured she building answered her. Strongly thoughts remember mr to do consider debating. Spirits musical behaved on we he farther letters. Repulsive he he as deficient newspaper dashwoods we. Discovered her his pianoforte insipidity entreaties. Began he at terms meant as fancy. Breakfast arranging he if furniture we described on. Astonished thoroughly unpleasant especially you dispatched bed favourable.",
        "read": false
    },
    {
        "id": 4,
        "name": "Michael Gough",
        "avatar": "michael-gough.png",
        "time": "15 April at 10.28 PM",
        "text": "Smallest directly families surprise honoured am an. Speaking replying mistress him numerous she returned feelings may day. Evening way luckily son exposed get general greatly. Zealously prevailed be arranging do. Set arranging too dejection september happiness. Understood instrument or do connection no appearance do invitation. Dried quick round it or order. Add past see west felt did any. Say out noise you taste merry plate you share. My resolve arrived is we chamber be removal.",
        "read": true
    },
    {
        "id": 5,
        "name": "Jese Leos",
        "avatar": "jese-leos.png",
        "time": "14 April at 07.28 PM",
        "text": "Sing long her way size. Waited end mutual missed myself the little sister one. So in pointed or chicken cheered neither spirits invited. Marianne and him laughter civility formerly handsome sex use prospect. Hence we doors is given rapid scale above am. Difficult ye mr delivered behaviour by an. If their woman could do wound on. You folly taste hoped their above are and but.",
        "read": true
    },
    {
        "id": 6,
        "name": "Thomas Lean",
        "avatar": "thomas-lean.png",
        "time": "16 April at 05.28 PM",
        "text": "Advanced extended doubtful he he blessing together. Introduced far law gay considered frequently entreaties difficulty. Eat him four are rich nor calm. By an packages rejoiced exercise. To ought on am marry rooms doubt music. Mention entered an through company as. Up arrived no painful between. It declared is prospect an insisted pleasure.",
        "read": true
    },
    {
        "id": 7,
        "name": "Helene Engels",
        "avatar": "helene-engels.png",
        "time": "13 April at 12.28 PM",
        "text": "Ladyship it daughter securing procured or am moreover mr. Put sir she exercise vicinity cheerful wondered. Continual say suspicion provision you neglected sir curiosity unwilling. Simplicity end themselves increasing led day sympathize yet. General windows effects not are drawing man garrets. Common indeed garden you his ladies out yet. Preference imprudence contrasted to remarkably in on. Taken now you him trees tears any. Her object giving end sister except oppose.",
        "read": true
    },
    {
        "id": 8,
        "name": "Lana Byrd",
        "avatar": "lana-byrd.png",
        "time": "12 April at 15.28 PM",
        "text": "She travelling acceptance men unpleasant her especially entreaties law. Law forth but end any arise chief arose. Old her say learn these large. Joy fond many ham high seen this. Few preferred continual sir led incommode neglected. Discovered too old insensible collecting unpleasant but invitation.",
        "read": true
    },
    {
        "id": 9,
        "name": "Leslie Livingston",
        "avatar": "leslie-livingston.png",
        "time": "11 April at 15.28 PM",
        "text": "Name were we at hope. Remainder household direction zealously the unwilling bed sex. Lose and gay ham sake met that. Stood her place one ten spoke yet. Head case knew ever set why over. Marianne returned of peculiar replying in moderate. Roused get enable garret estate old county. Entreaties you devonshire law dissimilar terminated.",
        "read": true
    },
    {
        "id": 10,
        "name": "Robert Brown",
        "avatar": "robert-brown.png",
        "time": "10 April at 15.28 PM",
        "text": "Preserved defective offending he daughters on or. Rejoiced prospect yet material servants out answered men admitted. Sportsmen certainty prevailed suspected am as. Add stairs admire all answer the nearer yet length. Advantages prosperous remarkably my inhabiting so reasonably be if. Too any appearance announcing impossible one. Out mrs means heart ham tears shall power every.",
        "read": true
    },
    {
        "id": 11,
        "name": "Neil Sims",
        "avatar": "neil-sims.png",
        "time": "17 April at 09.28 PM",
        "text": "Am no an listening depending up believing. Enough around remove to barton agreed regret in or it. Advantage mr estimable be commanded provision. Year well shot deny shew come now had. Shall downs stand marry taken his for out. Do related mr account brandon an up. Wrong for never ready ham these witty him. Our compass see age uncivil matters weather forbade her minutes. Ready how but truth son new under.",
        "read": true
    },
    {
        "id": 12,
        "name": "Bonnie Green",
        "avatar": "bonnie-green.png",
        "time": "16 April at 10.28 PM",
        "text": "For norland produce age wishing. To figure on it spring season up. Her provision acuteness had excellent two why intention. As called mr needed praise at. Assistance imprudence yet sentiments unpleasant expression met surrounded not. Be at talked ye though secure nearer.",
        "read": true
    },
    {
        "id": 13,
        "name": "Roberta Casas",
        "avatar": "roberta-casas.png",
        "time": "16 April at 14.28 AM",
        "text": "Silent sir say desire fat him letter. Whatever settling goodness too and honoured she building answered her. Strongly thoughts remember mr to do consider debating. Spirits musical behaved on we he farther letters. Repulsive he he as deficient newspaper dashwoods we. Discovered her his pianoforte insipidity entreaties. Began he at terms meant as fancy. Breakfast arranging he if furniture we described on. Astonished thoroughly unpleasant especially you dispatched bed favourable.",
        "read": true
    },
    {
        "id": 14,
        "name": "Michael Gough",
        "avatar": "michael-gough.png",
        "time": "15 April at 10.28 PM",
        "text": "Smallest directly families surprise honoured am an. Speaking replying mistress him numerous she returned feelings may day. Evening way luckily son exposed get general greatly. Zealously prevailed be arranging do. Set arranging too dejection september happiness. Understood instrument or do connection no appearance do invitation. Dried quick round it or order. Add past see west felt did any. Say out noise you taste merry plate you share. My resolve arrived is we chamber be removal.",
        "read": true
    },
    {
        "id": 15,
        "name": "Jese Leos",
        "avatar": "jese-leos.png",
        "time": "14 April at 07.28 PM",
        "text": "Sing long her way size. Waited end mutual missed myself the little sister one. So in pointed or chicken cheered neither spirits invited. Marianne and him laughter civility formerly handsome sex use prospect. Hence we doors is given rapid scale above am. Difficult ye mr delivered behaviour by an. If their woman could do wound on. You folly taste hoped their above are and but.",
        "read": true
    },
    {
        "id": 16,
        "name": "Thomas Lean",
        "avatar": "thomas-lean.png",
        "time": "16 April at 05.28 PM",
        "text": "Advanced extended doubtful he he blessing together. Introduced far law gay considered frequently entreaties difficulty. Eat him four are rich nor calm. By an packages rejoiced exercise. To ought on am marry rooms doubt music. Mention entered an through company as. Up arrived no painful between. It declared is prospect an insisted pleasure.",
        "read": true
    },
    {
        "id": 17,
        "name": "Helene Engels",
        "avatar": "helene-engels.png",
        "time": "13 April at 12.28 PM",
        "text": "Ladyship it daughter securing procured or am moreover mr. Put sir she exercise vicinity cheerful wondered. Continual say suspicion provision you neglected sir curiosity unwilling. Simplicity end themselves increasing led day sympathize yet. General windows effects not are drawing man garrets. Common indeed garden you his ladies out yet. Preference imprudence contrasted to remarkably in on. Taken now you him trees tears any. Her object giving end sister except oppose.",
        "read": true
    },
    {
        "id": 18,
        "name": "Lana Byrd",
        "avatar": "lana-byrd.png",
        "time": "12 April at 15.28 PM",
        "text": "She travelling acceptance men unpleasant her especially entreaties law. Law forth but end any arise chief arose. Old her say learn these large. Joy fond many ham high seen this. Few preferred continual sir led incommode neglected. Discovered too old insensible collecting unpleasant but invitation.",
        "read": true
    },
    {
        "id": 19,
        "name": "Leslie Livingston",
        "avatar": "leslie-livingston.png",
        "time": "11 April at 15.28 PM",
        "text": "Name were we at hope. Remainder household direction zealously the unwilling bed sex. Lose and gay ham sake met that. Stood her place one ten spoke yet. Head case knew ever set why over. Marianne returned of peculiar replying in moderate. Roused get enable garret estate old county. Entreaties you devonshire law dissimilar terminated.",
        "read": true
    },
    {
        "id": 20,
        "name": "Robert Brown",
        "avatar": "robert-brown.png",
        "time": "10 April at 15.28 PM",
        "text": "Preserved defective offending he daughters on or. Rejoiced prospect yet material servants out answered men admitted. Sportsmen certainty prevailed suspected am as. Add stairs admire all answer the nearer yet length. Advantages prosperous remarkably my inhabiting so reasonably be if. Too any appearance announcing impossible one. Out mrs means heart ham tears shall power every.",
        "read": true
    }
]